{
  "epoch": 75,
  "train_loss": [
    0.8301748497919603,
    0.0934722968633555,
    0.04704412827017823,
    0.029309826503268105,
    0.0203235428631258,
    0.017277426821824815,
    0.014166666760476647,
    0.013028841963346104,
    0.0103741057704396,
    0.009840333090335484,
    0.00870407988451017,
    0.007821679175627167,
    0.007150073306822539,
    0.006484968552298674,
    0.007030145750871756,
    0.001799520355175172,
    0.001321016456618246,
    0.0010130675085870938,
    0.001673042235190326,
    0.0017031756935103214,
    0.0005195694838793025,
    0.00027089472601223784,
    0.0002753627493188054,
    0.00043842859766011734,
    0.00036251399262171444,
    0.00016957163543291956,
    0.000137930981292087,
    0.00011112523132818304,
    0.00012500313492793408,
    4.982646579840113e-05,
    0.00012071627225406849,
    6.252574298514737e-05,
    5.066328056391832e-05,
    7.797548421820957e-05,
    3.073195363230858e-05,
    2.1730983658989447e-05,
    2.464904328013656e-05,
    2.8656994697779684e-05,
    5.420446396671724e-05,
    2.2385659291375864e-05,
    1.8895776938140435e-05,
    1.1934743565892924e-05,
    3.0335103593863092e-05,
    3.812460403785924e-05,
    2.182515046085163e-05,
    2.4453868041529716e-05,
    3.317002715733634e-05,
    1.0444738228727238e-05,
    1.3478113775000704e-05,
    1.786077448755682e-05,
    8.480947699313389e-06,
    1.0422130311479463e-05,
    1.0957220699512173e-05,
    1.5172918465768572e-05,
    2.2094055752737e-05,
    1.7382692344065976e-05,
    7.638396367583109e-06,
    1.4225373030074412e-05,
    7.6149144608627065e-06,
    1.3553012059084824e-05,
    9.291893193326575e-06,
    9.240592262108032e-06,
    1.4520235794944046e-05,
    1.0185100714345897e-05,
    8.212794180347649e-06,
    1.1808289460624248e-05,
    9.719831887248455e-06,
    1.0991114503761958e-05,
    1.8566242085961166e-05,
    1.3192715047217309e-05,
    1.2559544132764433e-05,
    1.2164901980046944e-05,
    8.072027685353467e-06,
    2.2972583170431883e-05,
    9.608275148857222e-06
  ],
  "val_loss": [
    0.1836574906373718,
    0.061034056022984715,
    0.048321045419975985,
    0.027329687752724662,
    0.023424540757797322,
    0.031128010311544708,
    0.016597672322489782,
    0.016857103537107728,
    0.0151991974457799,
    0.01284003533145612,
    0.011932998072962839,
    0.01598462430759947,
    0.024697669079289167,
    0.014972193803312406,
    0.014239861071353173,
    0.005976268404698931,
    0.007444760642193639,
    0.006574180487751343,
    0.009793056760986433,
    0.009438206892371351,
    0.005961982655659422,
    0.006181841717350839,
    0.006454641586717516,
    0.006222174586579291,
    0.0061701919809176164,
    0.005673021095505883,
    0.005635046051085548,
    0.005793994290325828,
    0.005785077913074063,
    0.005856239108978436,
    0.005979800343947566,
    0.00580519759072449,
    0.0056740006128406986,
    0.005757492640583189,
    0.005696741547138245,
    0.005755865695576789,
    0.0059371149946921675,
    0.005771069793693448,
    0.005663201992427341,
    0.005720356389931917,
    0.005639018210206146,
    0.005683194953042427,
    0.005645984897779454,
    0.00565804082105235,
    0.005633668500208816,
    0.005610867248375162,
    0.005730433986093527,
    0.005713519913556021,
    0.005636055066109231,
    0.0056298654559458206,
    0.005629251233002635,
    0.005606788598326656,
    0.005621548788922545,
    0.005631153411334807,
    0.005631101410471537,
    0.005626796925243525,
    0.005632141476670527,
    0.005642987010562232,
    0.005663968810366111,
    0.005652493317061179,
    0.00566537255320825,
    0.005655878292302118,
    0.005663220720678513,
    0.005661153142091375,
    0.00567879932027425,
    0.005650810708111966,
    0.005654561537003501,
    0.005675778580407961,
    0.005664503430901139,
    0.005684550152878792,
    0.005659524153914822,
    0.00565392178422153,
    0.005646291269178633,
    0.0056796185935121465,
    0.00565141717209199
  ],
  "train_plate_acc": [
    0.1975432138284251,
    0.8071382842509603,
    0.8974471830985915,
    0.9314680697823303,
    0.9465428937259923,
    0.952514804737516,
    0.9588868437900128,
    0.9605073623559539,
    0.9674595870678617,
    0.9686199583866837,
    0.9717309539052497,
    0.9724211747759283,
    0.9739316581306018,
    0.9761923815620999,
    0.9739116517285531,
    0.9901468469910372,
    0.9913672375160051,
    0.9921074743918054,
    0.9896666933418694,
    0.9896566901408451,
    0.9939780729833547,
    0.9946983034571063,
    0.994508242637644,
    0.9937479993597952,
    0.9938380281690141,
    0.9947683258642765,
    0.9949583866837388,
    0.9950484154929577,
    0.9952784891165173,
    0.9953385083226632,
    0.9951084346991037,
    0.9952784891165173,
    0.9955885883482715,
    0.9953385083226632,
    0.9954385403329066,
    0.9953585147247119,
    0.9954685499359796,
    0.9954785531370038,
    0.9954485435339309,
    0.9955485755441741,
    0.9954385403329066,
    0.9956986235595391,
    0.9956786171574904,
    0.9956886203585147,
    0.9957286331626121,
    0.9958386683738797,
    0.9957086267605634,
    0.9956886203585147,
    0.9956686139564661,
    0.995758642765685,
    0.9956986235595391,
    0.9956886203585147,
    0.9957686459667093,
    0.9957386363636364,
    0.9957186299615877,
    0.9958386683738797,
    0.9956586107554417,
    0.995848671574904,
    0.995818661971831,
    0.9957686459667093,
    0.9957486395646606,
    0.9957386363636364,
    0.9956286011523687,
    0.9957486395646606,
    0.9958086587708067,
    0.9955585787451985,
    0.9956886203585147,
    0.9957486395646606,
    0.9958086587708067,
    0.9956286011523687,
    0.9958086587708067,
    0.9959887163892446,
    0.9958386683738797,
    0.995878681177977,
    0.9958986875800256
  ],
  "val_plate_acc": [
    0.6629265298842406,
    0.8685547494045224,
    0.8954058221391098,
    0.9386875510863688,
    0.9481979309600556,
    0.9291571704130971,
    0.9585283435846864,
    0.9572082908552949,
    0.9652386116058909,
    0.9702888133174262,
    0.9699487997371486,
    0.957818315231087,
    0.9434377408324433,
    0.9657186307854984,
    0.9660586443642859,
    0.986049442807707,
    0.983029322182888,
    0.9857494308265993,
    0.9783091336529555,
    0.9803492151383467,
    0.9873294939349483,
    0.9875695035210266,
    0.9871094851477098,
    0.9877395103111654,
    0.9870494827511902,
    0.9884095370723007,
    0.9885595430635997,
    0.9885595430635997,
    0.988659547057799,
    0.9887695514514182,
    0.9886995486554787,
    0.9890095610374966,
    0.9891895682270553,
    0.9887695514514182,
    0.9890795638334361,
    0.9892095690258952,
    0.9889195574427172,
    0.9890495626351763,
    0.9892795718218347,
    0.9890995646307857,
    0.9892895722197644,
    0.9892295698232448,
    0.9893695754151238,
    0.9893095730186042,
    0.9894895802096532,
    0.9895695834035225,
    0.9893895762154539,
    0.9894895802096532,
    0.989669587399212,
    0.9895795838044326,
    0.989649586600372,
    0.9896995885974718,
    0.9896195854021123,
    0.9897095889954015,
    0.9896395862009522,
    0.9895795838044326,
    0.9896395862009522,
    0.9896295858015323,
    0.9894995806090732,
    0.9896595869997921,
    0.9896395862009522,
    0.9896895881980519,
    0.989669587399212,
    0.9896195854021123,
    0.9896195854021123,
    0.9896395862009522,
    0.9895995846032725,
    0.9896395862009522,
    0.9896395862009522,
    0.9896095850026924,
    0.9896195854021123,
    0.9897295897957316,
    0.9896895881980519,
    0.9894895802096532,
    0.9896295858015323
  ],